,ãã¼ã¸ã®åé ­ã§ãã
#skip,ã¡ãã¥ã¼ãé£ã°ãã¦æ¬æã¸
/index.html,
/page/multilingual.html,
/page/multilingual.html,
/page/multilingual.html,
/page/multilingual.html,
/page/multilingual.html,
javascript:SetCss(1);,ç½è²
javascript:SetCss(2);,é»è²
javascript:SetCss(3);,éè²
javascript:fsc('default');,æ¨æº
javascript:fsc('larger');,æ¡å¤§
http://zoomsight.social.or.jp/?url=http://www.city.ageo.lg.jp,"
"
/rss/10/list3.xml,RSSéä¿¡
/page/394670.html,ã³ã³ããäº¤ä»ãµã¼ãã¹ã®ä¸æåæ­¢ã«ã¤ãã¦
/soshiki/s201000/,å¸æ°èª²
/site/suido/387520.html,ä¸å°¾å¸ã«ãããä¸æ°´éæ½è¨­ã®ç·æ¥ç¹æ¤çµæã«ã¤ãã¦
/site/suido/,ä¸æ°´éæ½è¨­èª²
/soshiki/list5-1.html,é²ç½å®å¨æå ±ã®ä¸è¦§ãè¦ã
/rss/10/list5.xml,RSSéä¿¡
/page/403711.html,å°é¢¨ï¼ï¼å·ã®æ¥è¿ã«ä¼´ãèªä¸»é¿é£æã®ééã«ã¤ãã¦
/page/403650.html,å¤§é¨ã«ä¼´ãè»ä¸¡éé¿å ´æã®éæ¾ã«ã¤ãã¦
/life/,
/soshiki/,
/calendar/,
https://www2.wagmap.jp/ageocity/Portal,
/page/001117122701.html,
/page/13-koho-ageo-pdf.html,
/page/ageoshi-johou.html,ä¸å°¾å¸ã®ç´¹ä»
/life/4/23/122/,å¸å½¹æã®çµç¹ã¨æ¥­å
/life/4/89/,æå ±å¬éã»ä¼è­°ã®å¬é
https://ops-jg.d1-law.com/opensearch/?jctcd=8A7FF95858,ä¸å°¾å¸ä¾è¦é
/life/sub/6/index.html,åç¨®ç¸è«
/page/399811.html,ãªã³ã©ã¤ã³ç¸è«
/life/sub/1/index.html,åç¨®ç³è«ã»æç¶ã
/page/377040.html,é»å­ç³è«
/life/sub/2/index.html,åç¨®è¨±å¯ã»èªå¯
/life/sub/3/index.html,ã¤ãã³ãã»åé
/page/36-shinaijunkanbusguruttokun.html,å¾ªç°ãã¹ãããã£ã¨ããã
/page/mailmagazine.html,ã¡ã¼ã«ãã¬ã¸ã³
/page/17-link.html,ãªã³ã¯é
/page/4-hagaki.html,æ¿ç­æè¨ããåãåããããç¸è«ããææ
/page/4-shiminkomento.html,å¸æ°ããã®æè¦åé
/page/shimin-an.html,å¸æ°ã¢ã³ã±ã¼ãèª¿æ»
/adv/ba.php?id=85,
/adv/ba.php?id=86,
/adv/ba.php?id=89,
/adv/ba.php?id=112,
/adv/ba.php?id=118,
/adv/ba.php?id=116,
/adv/ba.php?id=117,
/adv/ba.php?id=128,
/adv/ba.php?id=91,
/adv/ba.php?id=111,
/adv/ba.php?id=132,
/adv/ba.php?id=133,
/adv/ba.php?id=134,
,æ¬æ
/page/002117110701.html,
/page/2-furusato.html,
/page/04111905241.html,
/life/1/1/1,å¦å¨ ã»åºç£
/life/1/1/2,å­è²ã¦
/life/1/1/5,çµå©ã»é¢å©
/life/1/1/6,å¼è¶ã»ä½ã¾ã
/life/1/1/3/,å¥å­¦ã»å¥å
/life/1/1/4/,å°±è·ã»éè·
/life/1/1/7,é«é½¢è
/life/1/1/8,ãããã¿
/page/402998.html,å¸åä¸­å­¦çããUDãã©ãã¯ã¹ ã©ã³ã²ã¼ã¸ã«ãã§ãã«åå ãã¾ãã
/page/401523.html,å¸å½¹ææ¬åºè1éï¼å¸æ°èª²ã»è¨¼ææ¸çºè¡ã»ã³ã¿ã¼ã»ãã¹ãã¼ãã»ä¿éºå¹´éèª²ï¼ã®ãçªå£çªå·çºå¸ã·ã¹ãã ããæ°ãããªãã¾ãã
/soshiki/s201000/,å¸æ°èª²
/page/402883.html,ãå¸æ¶é²æ¬é¨çºè¶³60å¨å¹´è¨å¿µå¤ä¼ã¿ä¸æ¥æ¶é²å£«ããéå¬ããã¾ãã
/soshiki/s55000/,åºå ±åºè´èª²
/page/402758.html,ãã¬ã³ã³ã»ãã·ã§ã³ã±ã¢è¬æ¼ä¼ãå¦å¨ åããã®å¥åº·ã¥ããããéå¬ããã¾ãã
/soshiki/s55000/,åºå ±åºè´èª²
/page/402882.html,ã­ã©ãªâãããï¼°ï¼²å¤§ä½¿ã®å¼çä¸å°¾ã¡ãã£ãã¯ã¹ãç¬¬79åå½æ°ã¹ãã¼ãå¤§ä¼é¢æ±ãã­ãã¯å¤§ä¼ãè©¦åçµæ
/soshiki/s55000/,åºå ±åºè´èª²
/page/402175.html,ãåºå ±ããããä»¤å7å¹´9æå·ï¼No.1098ï¼
/soshiki/s55000/,åºå ±åºè´èª²
/page/402867.html,ä¸éé½çé¸æï¼ç¸æ²ï¼ãç å±±å¸é·ãè¡¨æ¬è¨ªåãã¾ãã
/soshiki/s725700/,ã¹ãã¼ãæ¯èèª²
/page/402304.html,ã§ããããåçã®ãã­ãã­ãããããµã¤ã¨ã³ã¹ã·ã§ã¼Part2
/soshiki/s55000/,åºå ±åºè´èª²
/page/401849.html,å¼çã¢ã¤ã¹ã¢ãªã¼ãã§ãå¤ä¼ã¿ç­æã¹ã±ã¼ãæå®¤ï¼ãã±ã¢ã³ã¹ã±ã¼ããã£ã¬ã³ã¸ï¼ããéå¬ããã¾ããã
/soshiki/s55000/,åºå ±åºè´èª²
/page/401993.html,ãããEnglish Party In Summerãéå¬ããã¾ãã
/soshiki/s55000/,åºå ±åºè´èª²
/page/401501.html,ãä¸å°¾å¤ã¾ã¤ãããè¡ããã¾ãã
/soshiki/s55000/,åºå ±åºè´èª²
/soshiki/list6-1.html,ãããã¯ã¹ã®ä¸è¦§ãè¦ã
/rss/10/list6.xml,RSSéä¿¡
/page/398694.html,é»å­å¥ç´ã·ã¹ãã å°å¥å¬ååãã­ãã¼ã¶ã«æ¹å¼ã®å®æ½ã«ã¤ãã¦
/soshiki/s104500/,å¥ç´æ¤æ»èª²
/site/shoubou/403438.html,ä»¤å7å¹´åº¦ä¸å°¾å¸æ¶é²è·å¡æ¡ç¨è©¦é¨ï¼ä»¤å8å¹´4æ1æ¥æ¡ç¨äºå®ï¼ç¬¬1æ¬¡è©¦é¨åæ ¼èã®åé¨çªå·ã«ã¤ãã¦
/site/shoubou/,æ¶é²æ¬é¨æ¶é²ç·åèª²
/page/403704.html,ãä¼è­°éå¬ã®ãç¥ãããä»¤å7å¹´åº¦ç¬¬1åæå ±å¬éã»åäººæå ±ä¿è­·ã»å¬ææ¸ç®¡çéå¶å¯©è­°ä¼
/soshiki/s100500/,ç·åèª²
/soshiki/s178000/,å¥åº·å¢é²èª²
/page/400216.html,ããã©ãé£å ãä¸è¦§
/soshiki/s172000/,ãã©ãæ¯æ´èª²
/site/iinkai/403601.html,ãä¼è­°ã®éå¬çµæãä»¤å7å¹´åº¦ç¬¬1åä¸å°¾å¸ä¸ç»æ ¡å¯¾ç­æ¨é²å§å¡ä¼
/soshiki/s733000/,æè²ã»ã³ã¿ã¼
/site/suido/051120112001.html,ãã³ãã¼ã«ã«ã¼ãï¼ç¬¬12å¼¾ã»èªè»¢è»çï¼ã®éå¸ãä¸æä¸­æ­¢ãã¾ãã
/site/suido/,ä¸æ°´éæ½è¨­èª²
/page/401523.html,å¸å½¹ææ¬åºè1éï¼å¸æ°èª²ã»è¨¼ææ¸çºè¡ã»ã³ã¿ã¼ã»ãã¹ãã¼ãã»ä¿éºå¹´éèª²ï¼ã®ãçªå£çªå·çºå¸ã·ã¹ãã ããæ°ãããªãã¾ãã
/soshiki/s201000/,å¸æ°èª²
/page/304984.html,çµå©æ°çæ´»æ¯æ´äºæ¥­
/soshiki/s172000/,ãã©ãæ¯æ´èª²
/page/339351.html,ç­æéã§åãä¿è²å£«ããï¼ãã¼ãè·å¡ï¼ãåéãã¦ãã¾ãã
/soshiki/s172300/,ä¿è²èª²
/site/iinkai/373779.html,ä¸å°¾å¸è±èªã¯ã©ã ã¤ã³ã°ãªãã·ã¥ãµã­ã³
/soshiki/s732000/,æå°èª²
/page/299939.html,ç¬¬33åå¹³æ¹å°åºç°å¢ãã§ã¹ãã£ãã«
/soshiki/s54100/,å¹³æ¹æ¯æ
/page/309132.html,å¯éã»ç¾©æ´éã«ãååãã ãã
/soshiki/s171100/,ç¦ç¥ç·åèª²
/page/299474.html,ç¬¬25ååæ°ãã£ã·ãã§ã¹ã¿
/soshiki/s175000/,éå®³ç¦ç¥èª²
/page/403476.html,çå®³è«ã®çºçã«ã¤ãã¦
/soshiki/s255000/,è¾²æ¿èª²
/soshiki/list1-1.html,æ°çæ´æ°æå ±ã®ä¸è¦§ãè¦ã
/rss/10/list1.xml,RSSéä¿¡
/site/shigikai/,
/site/iinkai/,
/site/library/,
/site/iinkai/063111050901.html,
/site/shoubou/,
/site/suido/,
/page/002119041002.html,åºåç­ã®åéã«ã¤ãã¦
/adv/ba.php?id=93,
/adv/ba.php?id=97,
/adv/ba.php?id=98,
/adv/ba.php?id=99,
/adv/ba.php?id=130,
/adv/ba.php?id=109,
/site/userguide/privacy.html,åäººæå ±ã®åãæ±ãã«ã¤ãã¦
/site/userguide/exclusion.html,åè²¬äºé 
/site/userguide/copyright.html,èä½æ¨©ç­
/site/userguide/about.html,ãã®ãã¼ã ãã¼ã¸ã«ã¤ãã¦
/site/userguide/rss.html,RSSéä¿¡ã«ã¤ãã¦
/page/15-access.html,ï¼å¸å½¹æã®ã¢ã¯ã»ã¹ã»éåºæéï¼
/soshiki/,çµç¹å¥é»è©±çªå·ä¸è¦§
/form/detail.php?sec_sec1=13,ã¡ã¼ã«ã§ã®ãåãåããã¯ãã¡ã
