ãã¼ã¸ã®åé ­ã§ãã,
ã¡ãã¥ã¼ãé£ã°ãã¦æ¬æã¸,#skip
,/index.html
,/page/multilingual.html
,/page/multilingual.html
,/page/multilingual.html
,/page/multilingual.html
,/page/multilingual.html
ç½è²,javascript:SetCss(1);
é»è²,javascript:SetCss(2);
éè²,javascript:SetCss(3);
æ¨æº,javascript:fsc('default');
æ¡å¤§,javascript:fsc('larger');
"
",http://zoomsight.social.or.jp/?url=http://www.city.ageo.lg.jp
RSSéä¿¡,/rss/10/list3.xml
ã³ã³ããäº¤ä»ãµã¼ãã¹ã®ä¸æåæ­¢ã«ã¤ãã¦,/page/394670.html
å¸æ°èª²,/soshiki/s201000/
ä¸å°¾å¸ã«ãããä¸æ°´éæ½è¨­ã®ç·æ¥ç¹æ¤çµæã«ã¤ãã¦,/site/suido/387520.html
ä¸æ°´éæ½è¨­èª²,/site/suido/
é²ç½å®å¨æå ±ã®ä¸è¦§ãè¦ã,/soshiki/list5-1.html
RSSéä¿¡,/rss/10/list5.xml
å°é¢¨ï¼ï¼å·ã®æ¥è¿ã«ä¼´ãèªä¸»é¿é£æã®ééã«ã¤ãã¦,/page/403711.html
å¤§é¨ã«ä¼´ãè»ä¸¡éé¿å ´æã®éæ¾ã«ã¤ãã¦,/page/403650.html
,/life/
,/soshiki/
,/calendar/
,https://www2.wagmap.jp/ageocity/Portal
,/page/001117122701.html
,/page/13-koho-ageo-pdf.html
ä¸å°¾å¸ã®ç´¹ä»,/page/ageoshi-johou.html
å¸å½¹æã®çµç¹ã¨æ¥­å,/life/4/23/122/
æå ±å¬éã»ä¼è­°ã®å¬é,/life/4/89/
ä¸å°¾å¸ä¾è¦é,https://ops-jg.d1-law.com/opensearch/?jctcd=8A7FF95858
åç¨®ç¸è«,/life/sub/6/index.html
ãªã³ã©ã¤ã³ç¸è«,/page/399811.html
åç¨®ç³è«ã»æç¶ã,/life/sub/1/index.html
é»å­ç³è«,/page/377040.html
åç¨®è¨±å¯ã»èªå¯,/life/sub/2/index.html
ã¤ãã³ãã»åé,/life/sub/3/index.html
å¾ªç°ãã¹ãããã£ã¨ããã,/page/36-shinaijunkanbusguruttokun.html
ã¡ã¼ã«ãã¬ã¸ã³,/page/mailmagazine.html
ãªã³ã¯é,/page/17-link.html
æ¿ç­æè¨ããåãåããããç¸è«ããææ,/page/4-hagaki.html
å¸æ°ããã®æè¦åé,/page/4-shiminkomento.html
å¸æ°ã¢ã³ã±ã¼ãèª¿æ»,/page/shimin-an.html
,/adv/ba.php?id=85
,/adv/ba.php?id=86
,/adv/ba.php?id=89
,/adv/ba.php?id=112
,/adv/ba.php?id=118
,/adv/ba.php?id=116
,/adv/ba.php?id=117
,/adv/ba.php?id=128
,/adv/ba.php?id=91
,/adv/ba.php?id=111
,/adv/ba.php?id=132
,/adv/ba.php?id=133
,/adv/ba.php?id=134
æ¬æ,
,/page/002117110701.html
,/page/2-furusato.html
,/page/04111905241.html
å¦å¨ ã»åºç£,/life/1/1/1
å­è²ã¦,/life/1/1/2
çµå©ã»é¢å©,/life/1/1/5
å¼è¶ã»ä½ã¾ã,/life/1/1/6
å¥å­¦ã»å¥å,/life/1/1/3/
å°±è·ã»éè·,/life/1/1/4/
é«é½¢è,/life/1/1/7
ãããã¿,/life/1/1/8
å¸åä¸­å­¦çããUDãã©ãã¯ã¹ ã©ã³ã²ã¼ã¸ã«ãã§ãã«åå ãã¾ãã,/page/402998.html
å¸å½¹ææ¬åºè1éï¼å¸æ°èª²ã»è¨¼ææ¸çºè¡ã»ã³ã¿ã¼ã»ãã¹ãã¼ãã»ä¿éºå¹´éèª²ï¼ã®ãçªå£çªå·çºå¸ã·ã¹ãã ããæ°ãããªãã¾ãã,/page/401523.html
å¸æ°èª²,/soshiki/s201000/
ãå¸æ¶é²æ¬é¨çºè¶³60å¨å¹´è¨å¿µå¤ä¼ã¿ä¸æ¥æ¶é²å£«ããéå¬ããã¾ãã,/page/402883.html
åºå ±åºè´èª²,/soshiki/s55000/
ãã¬ã³ã³ã»ãã·ã§ã³ã±ã¢è¬æ¼ä¼ãå¦å¨ åããã®å¥åº·ã¥ããããéå¬ããã¾ãã,/page/402758.html
åºå ±åºè´èª²,/soshiki/s55000/
ã­ã©ãªâãããï¼°ï¼²å¤§ä½¿ã®å¼çä¸å°¾ã¡ãã£ãã¯ã¹ãç¬¬79åå½æ°ã¹ãã¼ãå¤§ä¼é¢æ±ãã­ãã¯å¤§ä¼ãè©¦åçµæ,/page/402882.html
åºå ±åºè´èª²,/soshiki/s55000/
ãåºå ±ããããä»¤å7å¹´9æå·ï¼No.1098ï¼,/page/402175.html
åºå ±åºè´èª²,/soshiki/s55000/
ä¸éé½çé¸æï¼ç¸æ²ï¼ãç å±±å¸é·ãè¡¨æ¬è¨ªåãã¾ãã,/page/402867.html
ã¹ãã¼ãæ¯èèª²,/soshiki/s725700/
ã§ããããåçã®ãã­ãã­ãããããµã¤ã¨ã³ã¹ã·ã§ã¼Part2,/page/402304.html
åºå ±åºè´èª²,/soshiki/s55000/
å¼çã¢ã¤ã¹ã¢ãªã¼ãã§ãå¤ä¼ã¿ç­æã¹ã±ã¼ãæå®¤ï¼ãã±ã¢ã³ã¹ã±ã¼ããã£ã¬ã³ã¸ï¼ããéå¬ããã¾ããã,/page/401849.html
åºå ±åºè´èª²,/soshiki/s55000/
ãããEnglish Party In Summerãéå¬ããã¾ãã,/page/401993.html
åºå ±åºè´èª²,/soshiki/s55000/
ãä¸å°¾å¤ã¾ã¤ãããè¡ããã¾ãã,/page/401501.html
åºå ±åºè´èª²,/soshiki/s55000/
ãããã¯ã¹ã®ä¸è¦§ãè¦ã,/soshiki/list6-1.html
RSSéä¿¡,/rss/10/list6.xml
é»å­å¥ç´ã·ã¹ãã å°å¥å¬ååãã­ãã¼ã¶ã«æ¹å¼ã®å®æ½ã«ã¤ãã¦,/page/398694.html
å¥ç´æ¤æ»èª²,/soshiki/s104500/
ä»¤å7å¹´åº¦ä¸å°¾å¸æ¶é²è·å¡æ¡ç¨è©¦é¨ï¼ä»¤å8å¹´4æ1æ¥æ¡ç¨äºå®ï¼ç¬¬1æ¬¡è©¦é¨åæ ¼èã®åé¨çªå·ã«ã¤ãã¦,/site/shoubou/403438.html
æ¶é²æ¬é¨æ¶é²ç·åèª²,/site/shoubou/
ãä¼è­°éå¬ã®ãç¥ãããä»¤å7å¹´åº¦ç¬¬1åæå ±å¬éã»åäººæå ±ä¿è­·ã»å¬ææ¸ç®¡çéå¶å¯©è­°ä¼,/page/403704.html
ç·åèª²,/soshiki/s100500/
å¥åº·å¢é²èª²,/soshiki/s178000/
ããã©ãé£å ãä¸è¦§,/page/400216.html
ãã©ãæ¯æ´èª²,/soshiki/s172000/
ãä¼è­°ã®éå¬çµæãä»¤å7å¹´åº¦ç¬¬1åä¸å°¾å¸ä¸ç»æ ¡å¯¾ç­æ¨é²å§å¡ä¼,/site/iinkai/403601.html
æè²ã»ã³ã¿ã¼,/soshiki/s733000/
ãã³ãã¼ã«ã«ã¼ãï¼ç¬¬12å¼¾ã»èªè»¢è»çï¼ã®éå¸ãä¸æä¸­æ­¢ãã¾ãã,/site/suido/051120112001.html
ä¸æ°´éæ½è¨­èª²,/site/suido/
å¸å½¹ææ¬åºè1éï¼å¸æ°èª²ã»è¨¼ææ¸çºè¡ã»ã³ã¿ã¼ã»ãã¹ãã¼ãã»ä¿éºå¹´éèª²ï¼ã®ãçªå£çªå·çºå¸ã·ã¹ãã ããæ°ãããªãã¾ãã,/page/401523.html
å¸æ°èª²,/soshiki/s201000/
çµå©æ°çæ´»æ¯æ´äºæ¥­,/page/304984.html
ãã©ãæ¯æ´èª²,/soshiki/s172000/
ç­æéã§åãä¿è²å£«ããï¼ãã¼ãè·å¡ï¼ãåéãã¦ãã¾ãã,/page/339351.html
ä¿è²èª²,/soshiki/s172300/
ä¸å°¾å¸è±èªã¯ã©ã ã¤ã³ã°ãªãã·ã¥ãµã­ã³,/site/iinkai/373779.html
æå°èª²,/soshiki/s732000/
ç¬¬33åå¹³æ¹å°åºç°å¢ãã§ã¹ãã£ãã«,/page/299939.html
å¹³æ¹æ¯æ,/soshiki/s54100/
å¯éã»ç¾©æ´éã«ãååãã ãã,/page/309132.html
ç¦ç¥ç·åèª²,/soshiki/s171100/
ç¬¬25ååæ°ãã£ã·ãã§ã¹ã¿,/page/299474.html
éå®³ç¦ç¥èª²,/soshiki/s175000/
çå®³è«ã®çºçã«ã¤ãã¦,/page/403476.html
è¾²æ¿èª²,/soshiki/s255000/
æ°çæ´æ°æå ±ã®ä¸è¦§ãè¦ã,/soshiki/list1-1.html
RSSéä¿¡,/rss/10/list1.xml
,/site/shigikai/
,/site/iinkai/
,/site/library/
,/site/iinkai/063111050901.html
,/site/shoubou/
,/site/suido/
åºåç­ã®åéã«ã¤ãã¦,/page/002119041002.html
,/adv/ba.php?id=93
,/adv/ba.php?id=97
,/adv/ba.php?id=98
,/adv/ba.php?id=99
,/adv/ba.php?id=130
,/adv/ba.php?id=109
åäººæå ±ã®åãæ±ãã«ã¤ãã¦,/site/userguide/privacy.html
åè²¬äºé ,/site/userguide/exclusion.html
èä½æ¨©ç­,/site/userguide/copyright.html
ãã®ãã¼ã ãã¼ã¸ã«ã¤ãã¦,/site/userguide/about.html
RSSéä¿¡ã«ã¤ãã¦,/site/userguide/rss.html
ï¼å¸å½¹æã®ã¢ã¯ã»ã¹ã»éåºæéï¼,/page/15-access.html
çµç¹å¥é»è©±çªå·ä¸è¦§,/soshiki/
ã¡ã¼ã«ã§ã®ãåãåããã¯ãã¡ã,/form/detail.php?sec_sec1=13
